arquivo,marca,modelo,documento,origem
honda_city_2026_codigos_de_cor.pdf,Honda,City 2026,Tabela de codigos de cor,https://www.honda.com.br
honda_city_2026_manual_proprietario.pdf,Honda,City 2026,Manual do proprietario,https://www.honda.com.br
honda_hrv_2026_catalogo.pdf,Honda,HR-V 2026,Catalogo do veiculo,https://www.honda.com.br
honda_hrv_2026_manual_proprietario.pdf,Honda,HR-V 2026/2027,Manual do proprietario,https://www.honda.com.br
hyundai_creta_2026_manual_proprietario.pdf,Hyundai,Creta 2026,Manual do proprietario,https://www.hyundai.com.br
hyundai_hb20_2026_manual_proprietario.pdf,Hyundai,HB20 2026,Manual do proprietario,https://www.hyundai.com.br
jeep_compass_2026_manuais_de_bordo.pdf,Jeep,Compass 2025/2026,Manuais de bordo,https://www.jeep.com.br
jeep_renegade_2026_manuais_de_bordo.pdf,Jeep,Renegade 2025/2026,Manuais de bordo,https://www.jeep.com.br
nissan_kicks_2022_manual_multimidia.pdf,Nissan,Kicks 2022,Manual do sistema multimidia,https://www.nissan.com.br
nissan_kicks_2023_ficha_resgate.pdf,Nissan,Kicks 2023,Ficha de resgate veicular,https://www.nissan.com.br
nissan_kicks_2024_manual_proprietario.pdf,Nissan,Kicks 2024.5,Manual do proprietario,https://www.nissan.com.br
nissan_kicks_2027_ficha_tecnica.pdf,Nissan,Kicks 2027,Ficha tecnica,https://www.nissan.com.br
nissan_kicks_manual_radio_clarion.pdf,Nissan,Kicks,Manual do radio Clarion,https://www.nissan.com.br
renault_duster_2025_manual_proprietario.pdf,Renault,Duster 2025,Manual do usuario,https://www.renault.com.br/manuais.html
renault_duster_ficha_resgate.pdf,Renault,Duster 2019-2023,Ficha de resgate veicular,https://www.renault.com.br/manuais.html
renault_duster_manual_multimidia.pdf,Renault,Duster,Manual do sistema multimidia,https://www.renault.com.br/manuais.html
renault_kwid_manual_multimidia.pdf,Renault,Kwid,Manual do sistema multimidia,https://www.renault.com.br/manuais.html
renault_kwid_manual_proprietario.pdf,Renault,Kwid,Manual do usuario,https://www.renault.com.br/manuais.html
toyota_corolla_cross_manual_proprietario_a.pdf,Toyota,Corolla Cross,"Manual do proprietario, novembro de 2021, tiragem A",https://www.toyota.com.br/manuais
toyota_corolla_cross_manual_proprietario_b.pdf,Toyota,Corolla Cross,"Manual do proprietario, novembro de 2021, tiragem B",https://www.toyota.com.br/manuais
toyota_corolla_manual_proprietario.pdf,Toyota,Corolla,"Manual do proprietario, setembro de 2023",https://www.toyota.com.br/manuais
toyota_hilux_manual_proprietario.pdf,Toyota,Hilux,"Manual do proprietario, novembro de 2021",https://www.toyota.com.br/manuais
toyota_manual_garantia.pdf,Toyota,Diversos modelos,Manual de garantia e assistencia 24 horas,https://www.toyota.com.br/manuais
toyota_manual_multimidia.pdf,Toyota,Corolla e Corolla Cross,Manual do sistema multimidia,https://www.toyota.com.br/manuais
toyota_manual_resgate_veicular.pdf,Toyota,Diversos modelos,Manual de resgate veicular (ERG),https://www.toyota.com.br/manuais
