id,tabela_pbev,versao_pbev,etanol_cidade,etanol_estrada,principal_cidade,principal_estrada,eletrico_cidade_kmle,eletrico_estrada_kmle,razao_eficiencia,autonomia_eletrica_km,classe_relativa,classe_absoluta,linha_original
bmw_320i,2026,Extra Grande BMW 320i Active Flex 2.0 - 16V,7.1,8.6,10.0,12.3,,,1.98,,C,C,Extra Grande BMW 320i Active Flex 2.0 - 16V Combustão A-8 S E F 28 194 4 B 0 123 \ 7.1 8.6 10.0 12.3 \ \ 1.98 \ C C -
bmw_x1,2026,Utilitário Esportivo Grande BMW X1 S20i GP 2.0 - 16V,,,10.3,13.5,,,1.9,,B,C,Utilitário Esportivo Grande BMW X1 S20i GP 2.0 - 16V Combustão A-7 S E G 9 237 1 A \ 117 \ \ \ 10.3 13.5 \ \ 1.90 \ B C -
byd_dolphin,2026,Médio BYD DOLPHIN GS 180EV,,,,,51.9,43.5,0.42,291,A,A,Médio BYD DOLPHIN GS 180EV Elétrico Elétrico N.A. S E E 0 0 0 A \ 0 \ \ \ \ \ 51.9 43.5 0.42 291 A A -
byd_seal,2026,Extra Grande BYD SEAL AWD GS 590EV,,,,,34.9,30.5,0.62,372,A,A,Extra Grande BYD SEAL AWD GS 590EV Elétrico Elétrico N.A. S E E 0 0 0 A \ 0 \ \ \ \ \ 34.9 30.5 0.62 372 A A -
ferrari_296,2026,Esportivo FERRARI 296 GTB 3.0-24V,,,6.3,8.4,8.9,11.9,2.02,10,D,C,Esportivo FERRARI 296 GTB 3.0-24V Plug-in DCT-8 S E G 18 444 0 A \ 149 0 \ \ 6.3 8.4 8.9 11.9 2.02 10 D C -
fiat_argo,2026,Compacto FIAT ARGO 1.0 1.0-6V,9.4,10.4,13.6,14.5,,,1.52,,C,B,Compacto FIAT ARGO 1.0 1.0-6V Combustão M-5 S E F 32 390 3 B 0 94 \ 9.4 10.4 13.6 14.5 \ \ 1.52 \ C B -
fiat_mobi,2026,Sub Compacto FIAT MOBI TREKKING 1.0-6V,9.8,10.6,14.0,15.1,,,1.46,,E,B,Sub Compacto FIAT MOBI TREKKING 1.0-6V Combustão M-5 S E F 38 280 3 B 0 91 \ 9.8 10.6 14.0 15.1 \ \ 1.46 \ E B -
fiat_strada,2025,Picape Compacta FIAT STRADA FREEDOM CD13 1.3-8V,8.9,10.1,12.8,14.4,,,1.59,,A,C,Picape Compacta FIAT STRADA FREEDOM CD13 1.3-8V Combustão M-5 S E F 39 417 5 C 0 98 \ 8.9 10.1 12.8 14.4 \ \ 1.59 \ A C -
gm_onix,2026,Médio CHEVROLET ONIX LT 1.0T - 12V,8.6,10.9,12.1,15.3,,,1.59,,C,C,Médio CHEVROLET ONIX LT 1.0T - 12V Combustão A-6 S E F 44 162 5 B 0 99 \ 8.6 10.9 12.1 15.3 \ \ 1.59 \ C C -
gm_tracker,2026,Utilitário Esportivo Compacto CHEVROLET TRACKER LT 1.0T - 12V,8.1,9.9,11.5,13.8,,,1.72,,B,C,Utilitário Esportivo Compacto CHEVROLET TRACKER LT 1.0T - 12V Combustão A-6 S E F 19 168 3 A 0 108 \ 8.1 9.9 11.5 13.8 \ \ 1.72 \ B C -
honda_city,2026,Médio HONDA CITY EX 1.5-16V,9.3,10.4,12.8,15.5,,,1.53,,C,C,Médio HONDA CITY EX 1.5-16V Combustão CVT S E F 20 202 1 A 0 95 \ 9.3 10.4 12.8 15.5 \ \ 1.53 \ C C -
honda_hrv,2026,Médio HONDA HR-V EX 1.5-16V,8.8,9.9,12.5,13.9,,,1.63,,C,C,Médio HONDA HR-V EX 1.5-16V Combustão CVT S E F 21 183 1 A 0 101 \ 8.8 9.9 12.5 13.9 \ \ 1.63 \ C C -
hyundai_creta,2026,Utilitário Esportivo Compacto Hyundai CRETA Comfort 1.0-12V T,8.4,9.0,12.0,12.7,,,1.74,,B,C,Utilitário Esportivo Compacto Hyundai CRETA Comfort 1.0-12V T Combustão A-6 S E F 31 120 4 A 0 108 \ 8.4 9.0 12.0 12.7 \ \ 1.74 \ B C -
hyundai_hb20,2026,Compacto Hyundai HB20 Sense 1.0-12V,9.9,10.7,13.3,15.4,,,1.48,,B,B,Compacto Hyundai HB20 Sense 1.0-12V Combustão M-5 S E F 31 204 3 A 0 93 \ 9.9 10.7 13.3 15.4 \ \ 1.48 \ B B -
jeep_compass,2026,Utilitário Esportivo Grande JEEP COMPASS SERIE S T 1.3T-16V,7.3,8.6,10.1,12.1,,,1.97,,C,C,Utilitário Esportivo Grande JEEP COMPASS SERIE S T 1.3T-16V Combustão A-6 S E F 32 179 6 B 0 124 \ 7.3 8.6 10.1 12.1 \ \ 1.97 \ C C -
jeep_renegade,2026,Utilitário Esportivo Compacto JEEP RENEGADE LGTD T270 1.3T-16V,7.8,8.9,11.1,12.4,,,1.84,,C,C,Utilitário Esportivo Compacto JEEP RENEGADE LGTD T270 1.3T-16V Combustão A-6 S E F 35 172 6 B 0 115 \ 7.8 8.9 11.1 12.4 \ \ 1.84 \ C C -
mercedes_c200,2025,Extra Grande Mercedes-Benz C 200 AMG LINE 1.5-16V,,,6.6,7.8,,,3.17,,E,E,Extra Grande Mercedes-Benz C 200 AMG LINE 1.5-16V Híbrido A-9 S E G 11 347 1 A \ 196 \ \ \ 6.6 7.8 \ \ 3.17 \ E E -
nissan_kicks,2026,Utilitário Esportivo Compacto NISSAN Kicks SENSE AT 1.0 12V,8.3,9.9,11.7,14.3,,,1.69,,B,C,Utilitário Esportivo Compacto NISSAN Kicks SENSE AT 1.0 12V Combustão DCT S E F 32 351 2 B 0 105 \ 8.3 9.9 11.7 14.3 \ \ 1.69 \ B C -
porsche_718,2026,Esportivo PORSCHE BOXSTER GTS4.0 4.0-24V,,,7.1,8.9,,,2.84,,E,E,Esportivo PORSCHE BOXSTER GTS4.0 4.0-24V Combustão DCT-7 S E G 18 67 1 A \ 175 \ \ \ 7.1 8.9 \ \ 2.84 \ E E -
porsche_911,2026,Esportivo PORSCHE 911 CARRERA 3.0-24V,,,7.0,9.6,,,2.8,,E,E,Esportivo PORSCHE 911 CARRERA 3.0-24V Combustão DCT-8 S E G 12 52 0 A \ 173 \ \ \ 7.0 9.6 \ \ 2.80 \ E E -
renault_duster,2026,Utilitário Esportivo Grande Renault DUSTER DUSTER ICO16 CVT 1.6-16V,7.5,8.3,10.8,11.4,,,1.94,,C,C,Utilitário Esportivo Grande Renault DUSTER DUSTER ICO16 CVT 1.6-16V Combustão CVT S E F 59 406 3 C 0 121 \ 7.5 8.3 10.8 11.4 \ \ 1.94 \ C C -
renault_kwid,2026,Utilitário Esportivo Compacto Renault KWID ZEN 2 1.0-12V,10.4,10.7,14.4,15.4,,,1.41,,A,B,Utilitário Esportivo Compacto Renault KWID ZEN 2 1.0-12V Combustão M-5 S E-H F 49 362 2 B 0 88 \ 10.4 10.7 14.4 15.4 \ \ 1.41 \ A B SIM
toyota_corolla,2026,Grande TOYOTA COROLLA COROLLA GLI 20 2.0-16V,8.3,10.1,11.6,14.6,,,1.68,,C,C,Grande TOYOTA COROLLA COROLLA GLI 20 2.0-16V Combustão CVT S E F 12 57 0 A 0 104 \ 8.3 10.1 11.6 14.6 \ \ 1.68 \ C C -
toyota_corolla_cross,2026,Grande TOYOTA COROLLA CROSS XR 20 2.0-16V,7.9,9.2,11.5,13.1,,,1.78,,C,C,Grande TOYOTA COROLLA CROSS XR 20 2.0-16V Combustão CVT S E F 14 172 2 A 0 110 \ 7.9 9.2 11.5 13.1 \ \ 1.78 \ C C -
toyota_hilux,2026,Picape TOYOTA HILUX DIESEL 4X4 AT SRV AT 2.8-16V,,,9.3,10.0,,,2.82,,D,E,Picape TOYOTA HILUX DIESEL 4X4 AT SRV AT 2.8-16V Combustão A-6 S H D 71 18 ND A \ \ \ \ \ 9.3 10.0 \ \ 2.82 \ D E -
vw_nivus,2026,Utilitário Esportivo Compacto VW NIVUS COMFORTLINE 200TSI AUTOMÁTICO 1.0-12V,8.6,10.3,12.4,14.8,,,1.61,,A,C,Utilitário Esportivo Compacto VW NIVUS COMFORTLINE 200TSI AUTOMÁTICO 1.0-12V Combustão A - 6 S E F 20 93 1 A 0 99 \ 8.6 10.3 12.4 14.8 \ \ 1.61 \ A C -
vw_polo,2026,Médio VW POLO MPI 1.0-12V,9.3,10.9,13.5,15.7,,,1.48,,B,B,Médio VW POLO MPI 1.0-12V Combustão M - 5 S E F 33 119 2 B 0 92 \ 9.3 10.9 13.5 15.7 \ \ 1.48 \ B B -
