uf,produto,preco_mediano,preco_medio,preco_minimo,preco_maximo,amostras,periodo_inicio,periodo_fim,coletado_em
BR,diesel,6.69,6.699,5.49,8.99,7867,2026-07-01,2026-07-31,2026-08-10
BR,diesel_s10,6.98,7.003,5.84,9.99,13315,2026-07-01,2026-07-31,2026-08-10
BR,etanol,4.28,4.342,2.8,6.6,16100,2026-07-01,2026-07-31,2026-08-10
BR,gasolina,6.59,6.618,5.39,9.79,18876,2026-07-01,2026-07-31,2026-08-10
AC,diesel,7.79,7.868,7.58,8.77,31,2026-07-01,2026-07-31,2026-08-10
AC,diesel_s10,7.99,8.061,7.89,9.27,25,2026-07-01,2026-07-31,2026-08-10
AC,etanol,4.99,5.157,4.65,6.6,31,2026-07-01,2026-07-31,2026-08-10
AC,gasolina,7.29,7.378,7.08,8.46,37,2026-07-01,2026-07-31,2026-08-10
AL,diesel,7.29,7.565,6.77,8.99,28,2026-07-01,2026-07-31,2026-08-10
AL,diesel_s10,7.17,7.268,6.59,8.26,122,2026-07-01,2026-07-31,2026-08-10
AL,etanol,4.99,5.15,4.39,5.99,216,2026-07-01,2026-07-31,2026-08-10
AL,gasolina,6.77,6.904,6.44,7.67,242,2026-07-01,2026-07-31,2026-08-10
AM,diesel,7.29,7.183,6.99,7.59,56,2026-07-01,2026-07-31,2026-08-10
AM,diesel_s10,7.29,7.457,6.99,8.99,160,2026-07-01,2026-07-31,2026-08-10
AM,etanol,4.99,5.121,4.79,5.59,139,2026-07-01,2026-07-31,2026-08-10
AM,gasolina,7.29,7.382,6.75,8.99,216,2026-07-01,2026-07-31,2026-08-10
AP,diesel_s10,6.85,6.941,6.64,7.69,23,2026-07-01,2026-07-31,2026-08-10
AP,etanol,5.81,5.826,5.81,5.89,5,2026-07-01,2026-07-31,2026-08-10
AP,gasolina,6.45,6.502,6.39,6.75,75,2026-07-01,2026-07-31,2026-08-10
BA,diesel,7.2,7.27,5.99,8.89,593,2026-07-01,2026-07-31,2026-08-10
BA,diesel_s10,7.4,7.481,6.63,8.99,751,2026-07-01,2026-07-31,2026-08-10
BA,etanol,4.85,4.872,4.04,6.39,893,2026-07-01,2026-07-31,2026-08-10
BA,gasolina,6.99,7.057,6.38,7.84,1004,2026-07-01,2026-07-31,2026-08-10
CE,diesel,7.09,7.124,6.15,7.99,94,2026-07-01,2026-07-31,2026-08-10
CE,diesel_s10,7.14,7.167,6.15,8.4,526,2026-07-01,2026-07-31,2026-08-10
CE,etanol,5.19,5.222,4.62,6.19,506,2026-07-01,2026-07-31,2026-08-10
CE,gasolina,6.97,6.951,6.43,7.9,574,2026-07-01,2026-07-31,2026-08-10
DF,diesel,6.97,6.954,6.54,7.32,50,2026-07-01,2026-07-31,2026-08-10
DF,diesel_s10,6.98,6.94,6.59,7.19,52,2026-07-01,2026-07-31,2026-08-10
DF,etanol,3.99,4.004,3.48,4.29,100,2026-07-01,2026-07-31,2026-08-10
DF,gasolina,6.39,6.266,5.59,6.69,200,2026-07-01,2026-07-31,2026-08-10
ES,diesel,6.79,6.809,6.31,8.39,152,2026-07-01,2026-07-31,2026-08-10
ES,diesel_s10,6.88,6.899,6.59,8.49,249,2026-07-01,2026-07-31,2026-08-10
ES,etanol,4.69,4.736,4.28,5.59,293,2026-07-01,2026-07-31,2026-08-10
ES,gasolina,6.59,6.629,6.15,7.39,407,2026-07-01,2026-07-31,2026-08-10
GO,diesel,6.29,6.301,5.63,7.95,407,2026-07-01,2026-07-31,2026-08-10
GO,diesel_s10,6.69,6.756,6.19,7.99,571,2026-07-01,2026-07-31,2026-08-10
GO,etanol,4.09,4.15,3.26,4.59,722,2026-07-01,2026-07-31,2026-08-10
GO,gasolina,6.79,6.664,5.69,7.09,731,2026-07-01,2026-07-31,2026-08-10
MA,diesel,6.92,6.991,5.94,8.09,217,2026-07-01,2026-07-31,2026-08-10
MA,diesel_s10,7.08,7.159,6.61,8.09,371,2026-07-01,2026-07-31,2026-08-10
MA,etanol,5.19,5.309,4.68,6.5,243,2026-07-01,2026-07-31,2026-08-10
MA,gasolina,6.9,6.967,6.25,7.89,422,2026-07-01,2026-07-31,2026-08-10
MG,diesel,6.49,6.516,5.72,7.69,1052,2026-07-01,2026-07-31,2026-08-10
MG,diesel_s10,6.85,6.87,5.99,7.99,1504,2026-07-01,2026-07-31,2026-08-10
MG,etanol,3.99,4.114,3.29,5.12,2082,2026-07-01,2026-07-31,2026-08-10
MG,gasolina,6.32,6.336,5.59,7.19,2186,2026-07-01,2026-07-31,2026-08-10
MS,diesel,6.57,6.594,6.04,7.58,140,2026-07-01,2026-07-31,2026-08-10
MS,diesel_s10,6.89,6.989,6.39,7.69,131,2026-07-01,2026-07-31,2026-08-10
MS,etanol,3.97,4.029,3.59,4.97,152,2026-07-01,2026-07-31,2026-08-10
MS,gasolina,6.63,6.585,6.17,7.29,229,2026-07-01,2026-07-31,2026-08-10
MT,diesel,6.79,6.744,5.77,7.39,221,2026-07-01,2026-07-31,2026-08-10
MT,diesel_s10,6.98,7.005,6.15,7.98,247,2026-07-01,2026-07-31,2026-08-10
MT,etanol,3.78,3.75,3.09,3.99,362,2026-07-01,2026-07-31,2026-08-10
MT,gasolina,6.79,6.803,6.22,7.29,369,2026-07-01,2026-07-31,2026-08-10
PA,diesel,7.09,7.161,6.14,8.75,190,2026-07-01,2026-07-31,2026-08-10
PA,diesel_s10,7.29,7.266,6.43,9.15,330,2026-07-01,2026-07-31,2026-08-10
PA,etanol,4.99,5.023,3.95,5.82,210,2026-07-01,2026-07-31,2026-08-10
PA,gasolina,6.8,6.767,5.97,7.7,455,2026-07-01,2026-07-31,2026-08-10
PB,diesel,6.89,6.839,6.28,7.59,123,2026-07-01,2026-07-31,2026-08-10
PB,diesel_s10,7.09,7.117,6.28,7.69,206,2026-07-01,2026-07-31,2026-08-10
PB,etanol,4.79,4.828,4.49,5.39,228,2026-07-01,2026-07-31,2026-08-10
PB,gasolina,6.49,6.563,6.24,7.1,268,2026-07-01,2026-07-31,2026-08-10
PE,diesel,7.39,7.26,6.61,7.69,37,2026-07-01,2026-07-31,2026-08-10
PE,diesel_s10,6.85,6.892,6.39,7.99,668,2026-07-01,2026-07-31,2026-08-10
PE,etanol,5.09,5.135,4.59,6.59,679,2026-07-01,2026-07-31,2026-08-10
PE,gasolina,6.92,6.947,6.39,7.99,789,2026-07-01,2026-07-31,2026-08-10
PI,diesel,7.04,7.073,6.32,7.89,106,2026-07-01,2026-07-31,2026-08-10
PI,diesel_s10,7.29,7.319,6.89,8.09,177,2026-07-01,2026-07-31,2026-08-10
PI,etanol,4.99,4.928,4.45,5.4,197,2026-07-01,2026-07-31,2026-08-10
PI,gasolina,6.89,6.913,6.39,7.69,267,2026-07-01,2026-07-31,2026-08-10
PR,diesel,6.29,6.297,5.49,7.29,599,2026-07-01,2026-07-31,2026-08-10
PR,diesel_s10,6.89,6.892,5.89,7.99,847,2026-07-01,2026-07-31,2026-08-10
PR,etanol,3.99,4.212,3.19,4.99,1214,2026-07-01,2026-07-31,2026-08-10
PR,gasolina,6.69,6.656,5.79,7.39,1227,2026-07-01,2026-07-31,2026-08-10
RJ,diesel,6.89,7.018,5.89,8.29,475,2026-07-01,2026-07-31,2026-08-10
RJ,diesel_s10,6.99,7.168,5.89,8.59,837,2026-07-01,2026-07-31,2026-08-10
RJ,etanol,4.815,4.853,4.07,5.89,1102,2026-07-01,2026-07-31,2026-08-10
RJ,gasolina,6.69,6.718,5.94,7.99,1287,2026-07-01,2026-07-31,2026-08-10
RN,diesel,7.15,7.222,6.68,7.59,95,2026-07-01,2026-07-31,2026-08-10
RN,diesel_s10,7.33,7.332,6.89,7.99,152,2026-07-01,2026-07-31,2026-08-10
RN,etanol,5.49,5.481,4.69,6.29,165,2026-07-01,2026-07-31,2026-08-10
RN,gasolina,6.92,6.889,6.45,7.59,180,2026-07-01,2026-07-31,2026-08-10
RO,diesel,7.21,7.214,6.49,7.94,158,2026-07-01,2026-07-31,2026-08-10
RO,diesel_s10,7.29,7.326,6.49,7.99,218,2026-07-01,2026-07-31,2026-08-10
RO,etanol,5.49,5.488,4.89,5.99,138,2026-07-01,2026-07-31,2026-08-10
RO,gasolina,7.39,7.36,6.97,7.89,235,2026-07-01,2026-07-31,2026-08-10
RR,diesel,7.4,7.396,7.2,7.45,50,2026-07-01,2026-07-31,2026-08-10
RR,diesel_s10,7.45,7.426,7.2,7.45,43,2026-07-01,2026-07-31,2026-08-10
RR,etanol,5.41,5.419,5.41,5.45,30,2026-07-01,2026-07-31,2026-08-10
RR,gasolina,7.57,7.574,7.55,7.59,58,2026-07-01,2026-07-31,2026-08-10
RS,diesel,6.39,6.427,5.57,7.99,715,2026-07-01,2026-07-31,2026-08-10
RS,diesel_s10,6.59,6.661,5.84,7.99,838,2026-07-01,2026-07-31,2026-08-10
RS,etanol,4.79,4.755,3.79,5.93,609,2026-07-01,2026-07-31,2026-08-10
RS,gasolina,6.29,6.309,5.39,7.63,1265,2026-07-01,2026-07-31,2026-08-10
SC,diesel,6.59,6.599,5.98,7.72,278,2026-07-01,2026-07-31,2026-08-10
SC,diesel_s10,6.79,6.858,6.18,8.38,499,2026-07-01,2026-07-31,2026-08-10
SC,etanol,4.59,4.595,3.89,6.36,476,2026-07-01,2026-07-31,2026-08-10
SC,gasolina,6.49,6.507,5.79,7.09,707,2026-07-01,2026-07-31,2026-08-10
SE,diesel,6.78,6.765,6.65,6.99,58,2026-07-01,2026-07-31,2026-08-10
SE,diesel_s10,6.87,6.874,6.75,7.29,89,2026-07-01,2026-07-31,2026-08-10
SE,etanol,5.5,5.48,5.3,5.7,89,2026-07-01,2026-07-31,2026-08-10
SE,gasolina,7.12,7.106,6.99,7.19,150,2026-07-01,2026-07-31,2026-08-10
SP,diesel,6.55,6.576,5.49,8.69,1857,2026-07-01,2026-07-31,2026-08-10
SP,diesel_s10,6.89,6.957,5.95,9.99,3584,2026-07-01,2026-07-31,2026-08-10
SP,etanol,3.77,3.777,2.8,6.19,5132,2026-07-01,2026-07-31,2026-08-10
SP,gasolina,6.44,6.436,5.49,9.79,5182,2026-07-01,2026-07-31,2026-08-10
TO,diesel,6.79,6.795,6.19,7.99,85,2026-07-01,2026-07-31,2026-08-10
TO,diesel_s10,6.99,6.982,6.46,7.99,95,2026-07-01,2026-07-31,2026-08-10
TO,etanol,4.99,5.048,4.4,6.03,87,2026-07-01,2026-07-31,2026-08-10
TO,gasolina,6.99,7.065,6.75,7.39,114,2026-07-01,2026-07-31,2026-08-10
